ID,relativePath,label,meta
16585,/mnist_png/training/0/16585.png,"{""class"": ""0""}","{""label_template"": ""classification"", ""label_info"": {""classification"": [""0"", ""1"", ""2"", ""3"", ""4"", ""5"", ""6"", ""7"", ""8"", ""9""]}}"
37953,/mnist_png/training/0/37953.png,"{""class"": ""0""}","{""label_template"": ""classification"", ""label_info"": {""classification"": [""0"", ""1"", ""2"", ""3"", ""4"", ""5"", ""6"", ""7"", ""8"", ""9""]}}"
40312,/mnist_png/training/0/40312.png,"{""class"": ""0""}","{""label_template"": ""classification"", ""label_info"": {""classification"": [""0"", ""1"", ""2"", ""3"", ""4"", ""5"", ""6"", ""7"", ""8"", ""9""]}}"
36055,/mnist_png/training/0/36055.png,"{""class"": ""0""}","{""label_template"": ""classification"", ""label_info"": {""classification"": [""0"", ""1"", ""2"", ""3"", ""4"", ""5"", ""6"", ""7"", ""8"", ""9""]}}"
18022,/mnist_png/training/0/18022.png,"{""class"": ""0""}","{""label_template"": ""classification"", ""label_info"": {""classification"": [""0"", ""1"", ""2"", ""3"", ""4"", ""5"", ""6"", ""7"", ""8"", ""9""]}}"
6113,/mnist_png/training/0/6113.png,"{""class"": ""0""}","{""label_template"": ""classification"", ""label_info"": {""classification"": [""0"", ""1"", ""2"", ""3"", ""4"", ""5"", ""6"", ""7"", ""8"", ""9""]}}"
46111,/mnist_png/training/0/46111.png,"{""class"": ""0""}","{""label_template"": ""classification"", ""label_info"": {""classification"": [""0"", ""1"", ""2"", ""3"", ""4"", ""5"", ""6"", ""7"", ""8"", ""9""]}}"
39856,/mnist_png/training/0/39856.png,"{""class"": ""0""}","{""label_template"": ""classification"", ""label_info"": {""classification"": [""0"", ""1"", ""2"", ""3"", ""4"", ""5"", ""6"", ""7"", ""8"", ""9""]}}"
32293,/mnist_png/training/0/32293.png,"{""class"": ""0""}","{""label_template"": ""classification"", ""label_info"": {""classification"": [""0"", ""1"", ""2"", ""3"", ""4"", ""5"", ""6"", ""7"", ""8"", ""9""]}}"
28784,/mnist_png/training/0/28784.png,"{""class"": ""0""}","{""label_template"": ""classification"", ""label_info"": {""classification"": [""0"", ""1"", ""2"", ""3"", ""4"", ""5"", ""6"", ""7"", ""8"", ""9""]}}"
21380,/mnist_png/training/0/21380.png,"{""class"": ""0""}","{""label_template"": ""classification"", ""label_info"": {""classification"": [""0"", ""1"", ""2"", ""3"", ""4"", ""5"", ""6"", ""7"", ""8"", ""9""]}}"
11295,/mnist_png/training/0/11295.png,"{""class"": ""0""}","{""label_template"": ""classification"", ""label_info"": {""classification"": [""0"", ""1"", ""2"", ""3"", ""4"", ""5"", ""6"", ""7"", ""8"", ""9""]}}"
6332,/mnist_png/training/0/6332.png,"{""class"": ""0""}","{""label_template"": ""classification"", ""label_info"": {""classification"": [""0"", ""1"", ""2"", ""3"", ""4"", ""5"", ""6"", ""7"", ""8"", ""9""]}}"
24348,/mnist_png/training/0/24348.png,"{""class"": ""0""}","{""label_template"": ""classification"", ""label_info"": {""classification"": [""0"", ""1"", ""2"", ""3"", ""4"", ""5"", ""6"", ""7"", ""8"", ""9""]}}"
40633,/mnist_png/training/0/40633.png,"{""class"": ""0""}","{""label_template"": ""classification"", ""label_info"": {""classification"": [""0"", ""1"", ""2"", ""3"", ""4"", ""5"", ""6"", ""7"", ""8"", ""9""]}}"
5921,/mnist_png/training/0/5921.png,"{""class"": ""0""}","{""label_template"": ""classification"", ""label_info"": {""classification"": [""0"", ""1"", ""2"", ""3"", ""4"", ""5"", ""6"", ""7"", ""8"", ""9""]}}"
31695,/mnist_png/training/0/31695.png,"{""class"": ""0""}","{""label_template"": ""classification"", ""label_info"": {""classification"": [""0"", ""1"", ""2"", ""3"", ""4"", ""5"", ""6"", ""7"", ""8"", ""9""]}}"
169,/mnist_png/training/0/169.png,"{""class"": ""0""}","{""label_template"": ""classification"", ""label_info"": {""classification"": [""0"", ""1"", ""2"", ""3"", ""4"", ""5"", ""6"", ""7"", ""8"", ""9""]}}"
21521,/mnist_png/training/0/21521.png,"{""class"": ""0""}","{""label_template"": ""classification"", ""label_info"": {""classification"": [""0"", ""1"", ""2"", ""3"", ""4"", ""5"", ""6"", ""7"", ""8"", ""9""]}}"
42084,/mnist_png/training/0/42084.png,"{""class"": ""0""}","{""label_template"": ""classification"", ""label_info"": {""classification"": [""0"", ""1"", ""2"", ""3"", ""4"", ""5"", ""6"", ""7"", ""8"", ""9""]}}"
46173,/mnist_png/training/1/46173.png,"{""class"": ""1""}","{""label_template"": ""classification"", ""label_info"": {""classification"": [""0"", ""1"", ""2"", ""3"", ""4"", ""5"", ""6"", ""7"", ""8"", ""9""]}}"
42894,/mnist_png/training/1/42894.png,"{""class"": ""1""}","{""label_template"": ""classification"", ""label_info"": {""classification"": [""0"", ""1"", ""2"", ""3"", ""4"", ""5"", ""6"", ""7"", ""8"", ""9""]}}"
11439,/mnist_png/training/1/11439.png,"{""class"": ""1""}","{""label_template"": ""classification"", ""label_info"": {""classification"": [""0"", ""1"", ""2"", ""3"", ""4"", ""5"", ""6"", ""7"", ""8"", ""9""]}}"
15539,/mnist_png/training/1/15539.png,"{""class"": ""1""}","{""label_template"": ""classification"", ""label_info"": {""classification"": [""0"", ""1"", ""2"", ""3"", ""4"", ""5"", ""6"", ""7"", ""8"", ""9""]}}"
1181,/mnist_png/training/1/1181.png,"{""class"": ""1""}","{""label_template"": ""classification"", ""label_info"": {""classification"": [""0"", ""1"", ""2"", ""3"", ""4"", ""5"", ""6"", ""7"", ""8"", ""9""]}}"
4561,/mnist_png/training/1/4561.png,"{""class"": ""1""}","{""label_template"": ""classification"", ""label_info"": {""classification"": [""0"", ""1"", ""2"", ""3"", ""4"", ""5"", ""6"", ""7"", ""8"", ""9""]}}"
31950,/mnist_png/training/1/31950.png,"{""class"": ""1""}","{""label_template"": ""classification"", ""label_info"": {""classification"": [""0"", ""1"", ""2"", ""3"", ""4"", ""5"", ""6"", ""7"", ""8"", ""9""]}}"
58675,/mnist_png/training/1/58675.png,"{""class"": ""1""}","{""label_template"": ""classification"", ""label_info"": {""classification"": [""0"", ""1"", ""2"", ""3"", ""4"", ""5"", ""6"", ""7"", ""8"", ""9""]}}"
39077,/mnist_png/training/1/39077.png,"{""class"": ""1""}","{""label_template"": ""classification"", ""label_info"": {""classification"": [""0"", ""1"", ""2"", ""3"", ""4"", ""5"", ""6"", ""7"", ""8"", ""9""]}}"
40823,/mnist_png/training/1/40823.png,"{""class"": ""1""}","{""label_template"": ""classification"", ""label_info"": {""classification"": [""0"", ""1"", ""2"", ""3"", ""4"", ""5"", ""6"", ""7"", ""8"", ""9""]}}"
43131,/mnist_png/training/1/43131.png,"{""class"": ""1""}","{""label_template"": ""classification"", ""label_info"": {""classification"": [""0"", ""1"", ""2"", ""3"", ""4"", ""5"", ""6"", ""7"", ""8"", ""9""]}}"
46496,/mnist_png/training/1/46496.png,"{""class"": ""1""}","{""label_template"": ""classification"", ""label_info"": {""classification"": [""0"", ""1"", ""2"", ""3"", ""4"", ""5"", ""6"", ""7"", ""8"", ""9""]}}"
28038,/mnist_png/training/1/28038.png,"{""class"": ""1""}","{""label_template"": ""classification"", ""label_info"": {""classification"": [""0"", ""1"", ""2"", ""3"", ""4"", ""5"", ""6"", ""7"", ""8"", ""9""]}}"
15152,/mnist_png/training/1/15152.png,"{""class"": ""1""}","{""label_template"": ""classification"", ""label_info"": {""classification"": [""0"", ""1"", ""2"", ""3"", ""4"", ""5"", ""6"", ""7"", ""8"", ""9""]}}"
56456,/mnist_png/training/1/56456.png,"{""class"": ""1""}","{""label_template"": ""classification"", ""label_info"": {""classification"": [""0"", ""1"", ""2"", ""3"", ""4"", ""5"", ""6"", ""7"", ""8"", ""9""]}}"
32890,/mnist_png/training/1/32890.png,"{""class"": ""1""}","{""label_template"": ""classification"", ""label_info"": {""classification"": [""0"", ""1"", ""2"", ""3"", ""4"", ""5"", ""6"", ""7"", ""8"", ""9""]}}"
6718,/mnist_png/training/1/6718.png,"{""class"": ""1""}","{""label_template"": ""classification"", ""label_info"": {""classification"": [""0"", ""1"", ""2"", ""3"", ""4"", ""5"", ""6"", ""7"", ""8"", ""9""]}}"
46026,/mnist_png/training/1/46026.png,"{""class"": ""1""}","{""label_template"": ""classification"", ""label_info"": {""classification"": [""0"", ""1"", ""2"", ""3"", ""4"", ""5"", ""6"", ""7"", ""8"", ""9""]}}"
31642,/mnist_png/training/1/31642.png,"{""class"": ""1""}","{""label_template"": ""classification"", ""label_info"": {""classification"": [""0"", ""1"", ""2"", ""3"", ""4"", ""5"", ""6"", ""7"", ""8"", ""9""]}}"
21068,/mnist_png/training/1/21068.png,"{""class"": ""1""}","{""label_template"": ""classification"", ""label_info"": {""classification"": [""0"", ""1"", ""2"", ""3"", ""4"", ""5"", ""6"", ""7"", ""8"", ""9""]}}"
6989,/mnist_png/training/1/6989.png,"{""class"": ""1""}","{""label_template"": ""classification"", ""label_info"": {""classification"": [""0"", ""1"", ""2"", ""3"", ""4"", ""5"", ""6"", ""7"", ""8"", ""9""]}}"
41823,/mnist_png/training/1/41823.png,"{""class"": ""1""}","{""label_template"": ""classification"", ""label_info"": {""classification"": [""0"", ""1"", ""2"", ""3"", ""4"", ""5"", ""6"", ""7"", ""8"", ""9""]}}"
41836,/mnist_png/training/1/41836.png,"{""class"": ""1""}","{""label_template"": ""classification"", ""label_info"": {""classification"": [""0"", ""1"", ""2"", ""3"", ""4"", ""5"", ""6"", ""7"", ""8"", ""9""]}}"
20624,/mnist_png/training/2/20624.png,"{""class"": ""2""}","{""label_template"": ""classification"", ""label_info"": {""classification"": [""0"", ""1"", ""2"", ""3"", ""4"", ""5"", ""6"", ""7"", ""8"", ""9""]}}"
38733,/mnist_png/training/2/38733.png,"{""class"": ""2""}","{""label_template"": ""classification"", ""label_info"": {""classification"": [""0"", ""1"", ""2"", ""3"", ""4"", ""5"", ""6"", ""7"", ""8"", ""9""]}}"
6360,/mnist_png/training/2/6360.png,"{""class"": ""2""}","{""label_template"": ""classification"", ""label_info"": {""classification"": [""0"", ""1"", ""2"", ""3"", ""4"", ""5"", ""6"", ""7"", ""8"", ""9""]}}"
49090,/mnist_png/training/2/49090.png,"{""class"": ""2""}","{""label_template"": ""classification"", ""label_info"": {""classification"": [""0"", ""1"", ""2"", ""3"", ""4"", ""5"", ""6"", ""7"", ""8"", ""9""]}}"
13837,/mnist_png/training/2/13837.png,"{""class"": ""2""}","{""label_template"": ""classification"", ""label_info"": {""classification"": [""0"", ""1"", ""2"", ""3"", ""4"", ""5"", ""6"", ""7"", ""8"", ""9""]}}"
43486,/mnist_png/training/2/43486.png,"{""class"": ""2""}","{""label_template"": ""classification"", ""label_info"": {""classification"": [""0"", ""1"", ""2"", ""3"", ""4"", ""5"", ""6"", ""7"", ""8"", ""9""]}}"
3134,/mnist_png/training/2/3134.png,"{""class"": ""2""}","{""label_template"": ""classification"", ""label_info"": {""classification"": [""0"", ""1"", ""2"", ""3"", ""4"", ""5"", ""6"", ""7"", ""8"", ""9""]}}"
21006,/mnist_png/training/2/21006.png,"{""class"": ""2""}","{""label_template"": ""classification"", ""label_info"": {""classification"": [""0"", ""1"", ""2"", ""3"", ""4"", ""5"", ""6"", ""7"", ""8"", ""9""]}}"
54908,/mnist_png/training/2/54908.png,"{""class"": ""2""}","{""label_template"": ""classification"", ""label_info"": {""classification"": [""0"", ""1"", ""2"", ""3"", ""4"", ""5"", ""6"", ""7"", ""8"", ""9""]}}"
18040,/mnist_png/training/2/18040.png,"{""class"": ""2""}","{""label_template"": ""classification"", ""label_info"": {""classification"": [""0"", ""1"", ""2"", ""3"", ""4"", ""5"", ""6"", ""7"", ""8"", ""9""]}}"
53878,/mnist_png/training/2/53878.png,"{""class"": ""2""}","{""label_template"": ""classification"", ""label_info"": {""classification"": [""0"", ""1"", ""2"", ""3"", ""4"", ""5"", ""6"", ""7"", ""8"", ""9""]}}"
18489,/mnist_png/training/2/18489.png,"{""class"": ""2""}","{""label_template"": ""classification"", ""label_info"": {""classification"": [""0"", ""1"", ""2"", ""3"", ""4"", ""5"", ""6"", ""7"", ""8"", ""9""]}}"
6478,/mnist_png/training/2/6478.png,"{""class"": ""2""}","{""label_template"": ""classification"", ""label_info"": {""classification"": [""0"", ""1"", ""2"", ""3"", ""4"", ""5"", ""6"", ""7"", ""8"", ""9""]}}"
45818,/mnist_png/training/2/45818.png,"{""class"": ""2""}","{""label_template"": ""classification"", ""label_info"": {""classification"": [""0"", ""1"", ""2"", ""3"", ""4"", ""5"", ""6"", ""7"", ""8"", ""9""]}}"
27252,/mnist_png/training/2/27252.png,"{""class"": ""2""}","{""label_template"": ""classification"", ""label_info"": {""classification"": [""0"", ""1"", ""2"", ""3"", ""4"", ""5"", ""6"", ""7"", ""8"", ""9""]}}"
37812,/mnist_png/training/2/37812.png,"{""class"": ""2""}","{""label_template"": ""classification"", ""label_info"": {""classification"": [""0"", ""1"", ""2"", ""3"", ""4"", ""5"", ""6"", ""7"", ""8"", ""9""]}}"
48545,/mnist_png/training/2/48545.png,"{""class"": ""2""}","{""label_template"": ""classification"", ""label_info"": {""classification"": [""0"", ""1"", ""2"", ""3"", ""4"", ""5"", ""6"", ""7"", ""8"", ""9""]}}"
24841,/mnist_png/training/2/24841.png,"{""class"": ""2""}","{""label_template"": ""classification"", ""label_info"": {""classification"": [""0"", ""1"", ""2"", ""3"", ""4"", ""5"", ""6"", ""7"", ""8"", ""9""]}}"
7262,/mnist_png/training/2/7262.png,"{""class"": ""2""}","{""label_template"": ""classification"", ""label_info"": {""classification"": [""0"", ""1"", ""2"", ""3"", ""4"", ""5"", ""6"", ""7"", ""8"", ""9""]}}"
5306,/mnist_png/training/2/5306.png,"{""class"": ""2""}","{""label_template"": ""classification"", ""label_info"": {""classification"": [""0"", ""1"", ""2"", ""3"", ""4"", ""5"", ""6"", ""7"", ""8"", ""9""]}}"
46953,/mnist_png/training/3/46953.png,"{""class"": ""3""}","{""label_template"": ""classification"", ""label_info"": {""classification"": [""0"", ""1"", ""2"", ""3"", ""4"", ""5"", ""6"", ""7"", ""8"", ""9""]}}"
40104,/mnist_png/training/3/40104.png,"{""class"": ""3""}","{""label_template"": ""classification"", ""label_info"": {""classification"": [""0"", ""1"", ""2"", ""3"", ""4"", ""5"", ""6"", ""7"", ""8"", ""9""]}}"
46983,/mnist_png/training/3/46983.png,"{""class"": ""3""}","{""label_template"": ""classification"", ""label_info"": {""classification"": [""0"", ""1"", ""2"", ""3"", ""4"", ""5"", ""6"", ""7"", ""8"", ""9""]}}"
55334,/mnist_png/training/3/55334.png,"{""class"": ""3""}","{""label_template"": ""classification"", ""label_info"": {""classification"": [""0"", ""1"", ""2"", ""3"", ""4"", ""5"", ""6"", ""7"", ""8"", ""9""]}}"
6612,/mnist_png/training/3/6612.png,"{""class"": ""3""}","{""label_template"": ""classification"", ""label_info"": {""classification"": [""0"", ""1"", ""2"", ""3"", ""4"", ""5"", ""6"", ""7"", ""8"", ""9""]}}"
20451,/mnist_png/training/3/20451.png,"{""class"": ""3""}","{""label_template"": ""classification"", ""label_info"": {""classification"": [""0"", ""1"", ""2"", ""3"", ""4"", ""5"", ""6"", ""7"", ""8"", ""9""]}}"
22906,/mnist_png/training/3/22906.png,"{""class"": ""3""}","{""label_template"": ""classification"", ""label_info"": {""classification"": [""0"", ""1"", ""2"", ""3"", ""4"", ""5"", ""6"", ""7"", ""8"", ""9""]}}"
26033,/mnist_png/training/3/26033.png,"{""class"": ""3""}","{""label_template"": ""classification"", ""label_info"": {""classification"": [""0"", ""1"", ""2"", ""3"", ""4"", ""5"", ""6"", ""7"", ""8"", ""9""]}}"
38193,/mnist_png/training/3/38193.png,"{""class"": ""3""}","{""label_template"": ""classification"", ""label_info"": {""classification"": [""0"", ""1"", ""2"", ""3"", ""4"", ""5"", ""6"", ""7"", ""8"", ""9""]}}"
22451,/mnist_png/training/3/22451.png,"{""class"": ""3""}","{""label_template"": ""classification"", ""label_info"": {""classification"": [""0"", ""1"", ""2"", ""3"", ""4"", ""5"", ""6"", ""7"", ""8"", ""9""]}}"
45940,/mnist_png/training/3/45940.png,"{""class"": ""3""}","{""label_template"": ""classification"", ""label_info"": {""classification"": [""0"", ""1"", ""2"", ""3"", ""4"", ""5"", ""6"", ""7"", ""8"", ""9""]}}"
51274,/mnist_png/training/3/51274.png,"{""class"": ""3""}","{""label_template"": ""classification"", ""label_info"": {""classification"": [""0"", ""1"", ""2"", ""3"", ""4"", ""5"", ""6"", ""7"", ""8"", ""9""]}}"
51463,/mnist_png/training/3/51463.png,"{""class"": ""3""}","{""label_template"": ""classification"", ""label_info"": {""classification"": [""0"", ""1"", ""2"", ""3"", ""4"", ""5"", ""6"", ""7"", ""8"", ""9""]}}"
34987,/mnist_png/training/3/34987.png,"{""class"": ""3""}","{""label_template"": ""classification"", ""label_info"": {""classification"": [""0"", ""1"", ""2"", ""3"", ""4"", ""5"", ""6"", ""7"", ""8"", ""9""]}}"
31544,/mnist_png/training/3/31544.png,"{""class"": ""3""}","{""label_template"": ""classification"", ""label_info"": {""classification"": [""0"", ""1"", ""2"", ""3"", ""4"", ""5"", ""6"", ""7"", ""8"", ""9""]}}"
25033,/mnist_png/training/3/25033.png,"{""class"": ""3""}","{""label_template"": ""classification"", ""label_info"": {""classification"": [""0"", ""1"", ""2"", ""3"", ""4"", ""5"", ""6"", ""7"", ""8"", ""9""]}}"
55071,/mnist_png/training/3/55071.png,"{""class"": ""3""}","{""label_template"": ""classification"", ""label_info"": {""classification"": [""0"", ""1"", ""2"", ""3"", ""4"", ""5"", ""6"", ""7"", ""8"", ""9""]}}"
51616,/mnist_png/training/3/51616.png,"{""class"": ""3""}","{""label_template"": ""classification"", ""label_info"": {""classification"": [""0"", ""1"", ""2"", ""3"", ""4"", ""5"", ""6"", ""7"", ""8"", ""9""]}}"
56391,/mnist_png/training/3/56391.png,"{""class"": ""3""}","{""label_template"": ""classification"", ""label_info"": {""classification"": [""0"", ""1"", ""2"", ""3"", ""4"", ""5"", ""6"", ""7"", ""8"", ""9""]}}"
1941,/mnist_png/training/3/1941.png,"{""class"": ""3""}","{""label_template"": ""classification"", ""label_info"": {""classification"": [""0"", ""1"", ""2"", ""3"", ""4"", ""5"", ""6"", ""7"", ""8"", ""9""]}}"
20180,/mnist_png/training/4/20180.png,"{""class"": ""4""}","{""label_template"": ""classification"", ""label_info"": {""classification"": [""0"", ""1"", ""2"", ""3"", ""4"", ""5"", ""6"", ""7"", ""8"", ""9""]}}"
52893,/mnist_png/training/4/52893.png,"{""class"": ""4""}","{""label_template"": ""classification"", ""label_info"": {""classification"": [""0"", ""1"", ""2"", ""3"", ""4"", ""5"", ""6"", ""7"", ""8"", ""9""]}}"
36131,/mnist_png/training/4/36131.png,"{""class"": ""4""}","{""label_template"": ""classification"", ""label_info"": {""classification"": [""0"", ""1"", ""2"", ""3"", ""4"", ""5"", ""6"", ""7"", ""8"", ""9""]}}"
17313,/mnist_png/training/4/17313.png,"{""class"": ""4""}","{""label_template"": ""classification"", ""label_info"": {""classification"": [""0"", ""1"", ""2"", ""3"", ""4"", ""5"", ""6"", ""7"", ""8"", ""9""]}}"
7487,/mnist_png/training/4/7487.png,"{""class"": ""4""}","{""label_template"": ""classification"", ""label_info"": {""classification"": [""0"", ""1"", ""2"", ""3"", ""4"", ""5"", ""6"", ""7"", ""8"", ""9""]}}"
35263,/mnist_png/training/4/35263.png,"{""class"": ""4""}","{""label_template"": ""classification"", ""label_info"": {""classification"": [""0"", ""1"", ""2"", ""3"", ""4"", ""5"", ""6"", ""7"", ""8"", ""9""]}}"
24033,/mnist_png/training/4/24033.png,"{""class"": ""4""}","{""label_template"": ""classification"", ""label_info"": {""classification"": [""0"", ""1"", ""2"", ""3"", ""4"", ""5"", ""6"", ""7"", ""8"", ""9""]}}"
32308,/mnist_png/training/4/32308.png,"{""class"": ""4""}","{""label_template"": ""classification"", ""label_info"": {""classification"": [""0"", ""1"", ""2"", ""3"", ""4"", ""5"", ""6"", ""7"", ""8"", ""9""]}}"
10351,/mnist_png/training/4/10351.png,"{""class"": ""4""}","{""label_template"": ""classification"", ""label_info"": {""classification"": [""0"", ""1"", ""2"", ""3"", ""4"", ""5"", ""6"", ""7"", ""8"", ""9""]}}"
38757,/mnist_png/training/4/38757.png,"{""class"": ""4""}","{""label_template"": ""classification"", ""label_info"": {""classification"": [""0"", ""1"", ""2"", ""3"", ""4"", ""5"", ""6"", ""7"", ""8"", ""9""]}}"
2220,/mnist_png/training/4/2220.png,"{""class"": ""4""}","{""label_template"": ""classification"", ""label_info"": {""classification"": [""0"", ""1"", ""2"", ""3"", ""4"", ""5"", ""6"", ""7"", ""8"", ""9""]}}"
39916,/mnist_png/training/4/39916.png,"{""class"": ""4""}","{""label_template"": ""classification"", ""label_info"": {""classification"": [""0"", ""1"", ""2"", ""3"", ""4"", ""5"", ""6"", ""7"", ""8"", ""9""]}}"
20063,/mnist_png/training/4/20063.png,"{""class"": ""4""}","{""label_template"": ""classification"", ""label_info"": {""classification"": [""0"", ""1"", ""2"", ""3"", ""4"", ""5"", ""6"", ""7"", ""8"", ""9""]}}"
47002,/mnist_png/training/4/47002.png,"{""class"": ""4""}","{""label_template"": ""classification"", ""label_info"": {""classification"": [""0"", ""1"", ""2"", ""3"", ""4"", ""5"", ""6"", ""7"", ""8"", ""9""]}}"
49206,/mnist_png/training/4/49206.png,"{""class"": ""4""}","{""label_template"": ""classification"", ""label_info"": {""classification"": [""0"", ""1"", ""2"", ""3"", ""4"", ""5"", ""6"", ""7"", ""8"", ""9""]}}"
56977,/mnist_png/training/4/56977.png,"{""class"": ""4""}","{""label_template"": ""classification"", ""label_info"": {""classification"": [""0"", ""1"", ""2"", ""3"", ""4"", ""5"", ""6"", ""7"", ""8"", ""9""]}}"
3360,/mnist_png/training/4/3360.png,"{""class"": ""4""}","{""label_template"": ""classification"", ""label_info"": {""classification"": [""0"", ""1"", ""2"", ""3"", ""4"", ""5"", ""6"", ""7"", ""8"", ""9""]}}"
24114,/mnist_png/training/4/24114.png,"{""class"": ""4""}","{""label_template"": ""classification"", ""label_info"": {""classification"": [""0"", ""1"", ""2"", ""3"", ""4"", ""5"", ""6"", ""7"", ""8"", ""9""]}}"
49700,/mnist_png/training/4/49700.png,"{""class"": ""4""}","{""label_template"": ""classification"", ""label_info"": {""classification"": [""0"", ""1"", ""2"", ""3"", ""4"", ""5"", ""6"", ""7"", ""8"", ""9""]}}"
53973,/mnist_png/training/5/53973.png,"{""class"": ""5""}","{""label_template"": ""classification"", ""label_info"": {""classification"": [""0"", ""1"", ""2"", ""3"", ""4"", ""5"", ""6"", ""7"", ""8"", ""9""]}}"
16553,/mnist_png/training/5/16553.png,"{""class"": ""5""}","{""label_template"": ""classification"", ""label_info"": {""classification"": [""0"", ""1"", ""2"", ""3"", ""4"", ""5"", ""6"", ""7"", ""8"", ""9""]}}"
6370,/mnist_png/training/5/6370.png,"{""class"": ""5""}","{""label_template"": ""classification"", ""label_info"": {""classification"": [""0"", ""1"", ""2"", ""3"", ""4"", ""5"", ""6"", ""7"", ""8"", ""9""]}}"
4416,/mnist_png/training/5/4416.png,"{""class"": ""5""}","{""label_template"": ""classification"", ""label_info"": {""classification"": [""0"", ""1"", ""2"", ""3"", ""4"", ""5"", ""6"", ""7"", ""8"", ""9""]}}"
24490,/mnist_png/training/5/24490.png,"{""class"": ""5""}","{""label_template"": ""classification"", ""label_info"": {""classification"": [""0"", ""1"", ""2"", ""3"", ""4"", ""5"", ""6"", ""7"", ""8"", ""9""]}}"
9340,/mnist_png/training/5/9340.png,"{""class"": ""5""}","{""label_template"": ""classification"", ""label_info"": {""classification"": [""0"", ""1"", ""2"", ""3"", ""4"", ""5"", ""6"", ""7"", ""8"", ""9""]}}"
38234,/mnist_png/training/5/38234.png,"{""class"": ""5""}","{""label_template"": ""classification"", ""label_info"": {""classification"": [""0"", ""1"", ""2"", ""3"", ""4"", ""5"", ""6"", ""7"", ""8"", ""9""]}}"
48113,/mnist_png/training/5/48113.png,"{""class"": ""5""}","{""label_template"": ""classification"", ""label_info"": {""classification"": [""0"", ""1"", ""2"", ""3"", ""4"", ""5"", ""6"", ""7"", ""8"", ""9""]}}"
31821,/mnist_png/training/5/31821.png,"{""class"": ""5""}","{""label_template"": ""classification"", ""label_info"": {""classification"": [""0"", ""1"", ""2"", ""3"", ""4"", ""5"", ""6"", ""7"", ""8"", ""9""]}}"
28430,/mnist_png/training/5/28430.png,"{""class"": ""5""}","{""label_template"": ""classification"", ""label_info"": {""classification"": [""0"", ""1"", ""2"", ""3"", ""4"", ""5"", ""6"", ""7"", ""8"", ""9""]}}"
15742,/mnist_png/training/5/15742.png,"{""class"": ""5""}","{""label_template"": ""classification"", ""label_info"": {""classification"": [""0"", ""1"", ""2"", ""3"", ""4"", ""5"", ""6"", ""7"", ""8"", ""9""]}}"
32659,/mnist_png/training/5/32659.png,"{""class"": ""5""}","{""label_template"": ""classification"", ""label_info"": {""classification"": [""0"", ""1"", ""2"", ""3"", ""4"", ""5"", ""6"", ""7"", ""8"", ""9""]}}"
29308,/mnist_png/training/5/29308.png,"{""class"": ""5""}","{""label_template"": ""classification"", ""label_info"": {""classification"": [""0"", ""1"", ""2"", ""3"", ""4"", ""5"", ""6"", ""7"", ""8"", ""9""]}}"
13040,/mnist_png/training/5/13040.png,"{""class"": ""5""}","{""label_template"": ""classification"", ""label_info"": {""classification"": [""0"", ""1"", ""2"", ""3"", ""4"", ""5"", ""6"", ""7"", ""8"", ""9""]}}"
16406,/mnist_png/training/5/16406.png,"{""class"": ""5""}","{""label_template"": ""classification"", ""label_info"": {""classification"": [""0"", ""1"", ""2"", ""3"", ""4"", ""5"", ""6"", ""7"", ""8"", ""9""]}}"
39381,/mnist_png/training/5/39381.png,"{""class"": ""5""}","{""label_template"": ""classification"", ""label_info"": {""classification"": [""0"", ""1"", ""2"", ""3"", ""4"", ""5"", ""6"", ""7"", ""8"", ""9""]}}"
21865,/mnist_png/training/5/21865.png,"{""class"": ""5""}","{""label_template"": ""classification"", ""label_info"": {""classification"": [""0"", ""1"", ""2"", ""3"", ""4"", ""5"", ""6"", ""7"", ""8"", ""9""]}}"
10661,/mnist_png/training/5/10661.png,"{""class"": ""5""}","{""label_template"": ""classification"", ""label_info"": {""classification"": [""0"", ""1"", ""2"", ""3"", ""4"", ""5"", ""6"", ""7"", ""8"", ""9""]}}"
48345,/mnist_png/training/5/48345.png,"{""class"": ""5""}","{""label_template"": ""classification"", ""label_info"": {""classification"": [""0"", ""1"", ""2"", ""3"", ""4"", ""5"", ""6"", ""7"", ""8"", ""9""]}}"
23098,/mnist_png/training/6/23098.png,"{""class"": ""6""}","{""label_template"": ""classification"", ""label_info"": {""classification"": [""0"", ""1"", ""2"", ""3"", ""4"", ""5"", ""6"", ""7"", ""8"", ""9""]}}"
4349,/mnist_png/training/6/4349.png,"{""class"": ""6""}","{""label_template"": ""classification"", ""label_info"": {""classification"": [""0"", ""1"", ""2"", ""3"", ""4"", ""5"", ""6"", ""7"", ""8"", ""9""]}}"
20637,/mnist_png/training/6/20637.png,"{""class"": ""6""}","{""label_template"": ""classification"", ""label_info"": {""classification"": [""0"", ""1"", ""2"", ""3"", ""4"", ""5"", ""6"", ""7"", ""8"", ""9""]}}"
4560,/mnist_png/training/6/4560.png,"{""class"": ""6""}","{""label_template"": ""classification"", ""label_info"": {""classification"": [""0"", ""1"", ""2"", ""3"", ""4"", ""5"", ""6"", ""7"", ""8"", ""9""]}}"
12964,/mnist_png/training/6/12964.png,"{""class"": ""6""}","{""label_template"": ""classification"", ""label_info"": {""classification"": [""0"", ""1"", ""2"", ""3"", ""4"", ""5"", ""6"", ""7"", ""8"", ""9""]}}"
7224,/mnist_png/training/6/7224.png,"{""class"": ""6""}","{""label_template"": ""classification"", ""label_info"": {""classification"": [""0"", ""1"", ""2"", ""3"", ""4"", ""5"", ""6"", ""7"", ""8"", ""9""]}}"
24191,/mnist_png/training/6/24191.png,"{""class"": ""6""}","{""label_template"": ""classification"", ""label_info"": {""classification"": [""0"", ""1"", ""2"", ""3"", ""4"", ""5"", ""6"", ""7"", ""8"", ""9""]}}"
27890,/mnist_png/training/6/27890.png,"{""class"": ""6""}","{""label_template"": ""classification"", ""label_info"": {""classification"": [""0"", ""1"", ""2"", ""3"", ""4"", ""5"", ""6"", ""7"", ""8"", ""9""]}}"
7195,/mnist_png/training/6/7195.png,"{""class"": ""6""}","{""label_template"": ""classification"", ""label_info"": {""classification"": [""0"", ""1"", ""2"", ""3"", ""4"", ""5"", ""6"", ""7"", ""8"", ""9""]}}"
17168,/mnist_png/training/6/17168.png,"{""class"": ""6""}","{""label_template"": ""classification"", ""label_info"": {""classification"": [""0"", ""1"", ""2"", ""3"", ""4"", ""5"", ""6"", ""7"", ""8"", ""9""]}}"
40019,/mnist_png/training/6/40019.png,"{""class"": ""6""}","{""label_template"": ""classification"", ""label_info"": {""classification"": [""0"", ""1"", ""2"", ""3"", ""4"", ""5"", ""6"", ""7"", ""8"", ""9""]}}"
35687,/mnist_png/training/6/35687.png,"{""class"": ""6""}","{""label_template"": ""classification"", ""label_info"": {""classification"": [""0"", ""1"", ""2"", ""3"", ""4"", ""5"", ""6"", ""7"", ""8"", ""9""]}}"
27655,/mnist_png/training/6/27655.png,"{""class"": ""6""}","{""label_template"": ""classification"", ""label_info"": {""classification"": [""0"", ""1"", ""2"", ""3"", ""4"", ""5"", ""6"", ""7"", ""8"", ""9""]}}"
12411,/mnist_png/training/6/12411.png,"{""class"": ""6""}","{""label_template"": ""classification"", ""label_info"": {""classification"": [""0"", ""1"", ""2"", ""3"", ""4"", ""5"", ""6"", ""7"", ""8"", ""9""]}}"
18576,/mnist_png/training/6/18576.png,"{""class"": ""6""}","{""label_template"": ""classification"", ""label_info"": {""classification"": [""0"", ""1"", ""2"", ""3"", ""4"", ""5"", ""6"", ""7"", ""8"", ""9""]}}"
27208,/mnist_png/training/6/27208.png,"{""class"": ""6""}","{""label_template"": ""classification"", ""label_info"": {""classification"": [""0"", ""1"", ""2"", ""3"", ""4"", ""5"", ""6"", ""7"", ""8"", ""9""]}}"
57883,/mnist_png/training/6/57883.png,"{""class"": ""6""}","{""label_template"": ""classification"", ""label_info"": {""classification"": [""0"", ""1"", ""2"", ""3"", ""4"", ""5"", ""6"", ""7"", ""8"", ""9""]}}"
59470,/mnist_png/training/6/59470.png,"{""class"": ""6""}","{""label_template"": ""classification"", ""label_info"": {""classification"": [""0"", ""1"", ""2"", ""3"", ""4"", ""5"", ""6"", ""7"", ""8"", ""9""]}}"
37194,/mnist_png/training/6/37194.png,"{""class"": ""6""}","{""label_template"": ""classification"", ""label_info"": {""classification"": [""0"", ""1"", ""2"", ""3"", ""4"", ""5"", ""6"", ""7"", ""8"", ""9""]}}"
49240,/mnist_png/training/7/49240.png,"{""class"": ""7""}","{""label_template"": ""classification"", ""label_info"": {""classification"": [""0"", ""1"", ""2"", ""3"", ""4"", ""5"", ""6"", ""7"", ""8"", ""9""]}}"
56611,/mnist_png/training/7/56611.png,"{""class"": ""7""}","{""label_template"": ""classification"", ""label_info"": {""classification"": [""0"", ""1"", ""2"", ""3"", ""4"", ""5"", ""6"", ""7"", ""8"", ""9""]}}"
13789,/mnist_png/training/7/13789.png,"{""class"": ""7""}","{""label_template"": ""classification"", ""label_info"": {""classification"": [""0"", ""1"", ""2"", ""3"", ""4"", ""5"", ""6"", ""7"", ""8"", ""9""]}}"
59323,/mnist_png/training/7/59323.png,"{""class"": ""7""}","{""label_template"": ""classification"", ""label_info"": {""classification"": [""0"", ""1"", ""2"", ""3"", ""4"", ""5"", ""6"", ""7"", ""8"", ""9""]}}"
48832,/mnist_png/training/7/48832.png,"{""class"": ""7""}","{""label_template"": ""classification"", ""label_info"": {""classification"": [""0"", ""1"", ""2"", ""3"", ""4"", ""5"", ""6"", ""7"", ""8"", ""9""]}}"
23207,/mnist_png/training/7/23207.png,"{""class"": ""7""}","{""label_template"": ""classification"", ""label_info"": {""classification"": [""0"", ""1"", ""2"", ""3"", ""4"", ""5"", ""6"", ""7"", ""8"", ""9""]}}"
23951,/mnist_png/training/7/23951.png,"{""class"": ""7""}","{""label_template"": ""classification"", ""label_info"": {""classification"": [""0"", ""1"", ""2"", ""3"", ""4"", ""5"", ""6"", ""7"", ""8"", ""9""]}}"
11328,/mnist_png/training/7/11328.png,"{""class"": ""7""}","{""label_template"": ""classification"", ""label_info"": {""classification"": [""0"", ""1"", ""2"", ""3"", ""4"", ""5"", ""6"", ""7"", ""8"", ""9""]}}"
49812,/mnist_png/training/7/49812.png,"{""class"": ""7""}","{""label_template"": ""classification"", ""label_info"": {""classification"": [""0"", ""1"", ""2"", ""3"", ""4"", ""5"", ""6"", ""7"", ""8"", ""9""]}}"
35845,/mnist_png/training/7/35845.png,"{""class"": ""7""}","{""label_template"": ""classification"", ""label_info"": {""classification"": [""0"", ""1"", ""2"", ""3"", ""4"", ""5"", ""6"", ""7"", ""8"", ""9""]}}"
1846,/mnist_png/training/7/1846.png,"{""class"": ""7""}","{""label_template"": ""classification"", ""label_info"": {""classification"": [""0"", ""1"", ""2"", ""3"", ""4"", ""5"", ""6"", ""7"", ""8"", ""9""]}}"
8297,/mnist_png/training/7/8297.png,"{""class"": ""7""}","{""label_template"": ""classification"", ""label_info"": {""classification"": [""0"", ""1"", ""2"", ""3"", ""4"", ""5"", ""6"", ""7"", ""8"", ""9""]}}"
20857,/mnist_png/training/7/20857.png,"{""class"": ""7""}","{""label_template"": ""classification"", ""label_info"": {""classification"": [""0"", ""1"", ""2"", ""3"", ""4"", ""5"", ""6"", ""7"", ""8"", ""9""]}}"
22314,/mnist_png/training/7/22314.png,"{""class"": ""7""}","{""label_template"": ""classification"", ""label_info"": {""classification"": [""0"", ""1"", ""2"", ""3"", ""4"", ""5"", ""6"", ""7"", ""8"", ""9""]}}"
29730,/mnist_png/training/7/29730.png,"{""class"": ""7""}","{""label_template"": ""classification"", ""label_info"": {""classification"": [""0"", ""1"", ""2"", ""3"", ""4"", ""5"", ""6"", ""7"", ""8"", ""9""]}}"
26004,/mnist_png/training/7/26004.png,"{""class"": ""7""}","{""label_template"": ""classification"", ""label_info"": {""classification"": [""0"", ""1"", ""2"", ""3"", ""4"", ""5"", ""6"", ""7"", ""8"", ""9""]}}"
38705,/mnist_png/training/7/38705.png,"{""class"": ""7""}","{""label_template"": ""classification"", ""label_info"": {""classification"": [""0"", ""1"", ""2"", ""3"", ""4"", ""5"", ""6"", ""7"", ""8"", ""9""]}}"
39949,/mnist_png/training/7/39949.png,"{""class"": ""7""}","{""label_template"": ""classification"", ""label_info"": {""classification"": [""0"", ""1"", ""2"", ""3"", ""4"", ""5"", ""6"", ""7"", ""8"", ""9""]}}"
19642,/mnist_png/training/7/19642.png,"{""class"": ""7""}","{""label_template"": ""classification"", ""label_info"": {""classification"": [""0"", ""1"", ""2"", ""3"", ""4"", ""5"", ""6"", ""7"", ""8"", ""9""]}}"
16004,/mnist_png/training/7/16004.png,"{""class"": ""7""}","{""label_template"": ""classification"", ""label_info"": {""classification"": [""0"", ""1"", ""2"", ""3"", ""4"", ""5"", ""6"", ""7"", ""8"", ""9""]}}"
1982,/mnist_png/training/7/1982.png,"{""class"": ""7""}","{""label_template"": ""classification"", ""label_info"": {""classification"": [""0"", ""1"", ""2"", ""3"", ""4"", ""5"", ""6"", ""7"", ""8"", ""9""]}}"
29365,/mnist_png/training/8/29365.png,"{""class"": ""8""}","{""label_template"": ""classification"", ""label_info"": {""classification"": [""0"", ""1"", ""2"", ""3"", ""4"", ""5"", ""6"", ""7"", ""8"", ""9""]}}"
17667,/mnist_png/training/8/17667.png,"{""class"": ""8""}","{""label_template"": ""classification"", ""label_info"": {""classification"": [""0"", ""1"", ""2"", ""3"", ""4"", ""5"", ""6"", ""7"", ""8"", ""9""]}}"
53756,/mnist_png/training/8/53756.png,"{""class"": ""8""}","{""label_template"": ""classification"", ""label_info"": {""classification"": [""0"", ""1"", ""2"", ""3"", ""4"", ""5"", ""6"", ""7"", ""8"", ""9""]}}"
9873,/mnist_png/training/8/9873.png,"{""class"": ""8""}","{""label_template"": ""classification"", ""label_info"": {""classification"": [""0"", ""1"", ""2"", ""3"", ""4"", ""5"", ""6"", ""7"", ""8"", ""9""]}}"
14209,/mnist_png/training/8/14209.png,"{""class"": ""8""}","{""label_template"": ""classification"", ""label_info"": {""classification"": [""0"", ""1"", ""2"", ""3"", ""4"", ""5"", ""6"", ""7"", ""8"", ""9""]}}"
12353,/mnist_png/training/8/12353.png,"{""class"": ""8""}","{""label_template"": ""classification"", ""label_info"": {""classification"": [""0"", ""1"", ""2"", ""3"", ""4"", ""5"", ""6"", ""7"", ""8"", ""9""]}}"
59999,/mnist_png/training/8/59999.png,"{""class"": ""8""}","{""label_template"": ""classification"", ""label_info"": {""classification"": [""0"", ""1"", ""2"", ""3"", ""4"", ""5"", ""6"", ""7"", ""8"", ""9""]}}"
40942,/mnist_png/training/8/40942.png,"{""class"": ""8""}","{""label_template"": ""classification"", ""label_info"": {""classification"": [""0"", ""1"", ""2"", ""3"", ""4"", ""5"", ""6"", ""7"", ""8"", ""9""]}}"
38807,/mnist_png/training/8/38807.png,"{""class"": ""8""}","{""label_template"": ""classification"", ""label_info"": {""classification"": [""0"", ""1"", ""2"", ""3"", ""4"", ""5"", ""6"", ""7"", ""8"", ""9""]}}"
9185,/mnist_png/training/8/9185.png,"{""class"": ""8""}","{""label_template"": ""classification"", ""label_info"": {""classification"": [""0"", ""1"", ""2"", ""3"", ""4"", ""5"", ""6"", ""7"", ""8"", ""9""]}}"
22924,/mnist_png/training/8/22924.png,"{""class"": ""8""}","{""label_template"": ""classification"", ""label_info"": {""classification"": [""0"", ""1"", ""2"", ""3"", ""4"", ""5"", ""6"", ""7"", ""8"", ""9""]}}"
19595,/mnist_png/training/8/19595.png,"{""class"": ""8""}","{""label_template"": ""classification"", ""label_info"": {""classification"": [""0"", ""1"", ""2"", ""3"", ""4"", ""5"", ""6"", ""7"", ""8"", ""9""]}}"
42147,/mnist_png/training/8/42147.png,"{""class"": ""8""}","{""label_template"": ""classification"", ""label_info"": {""classification"": [""0"", ""1"", ""2"", ""3"", ""4"", ""5"", ""6"", ""7"", ""8"", ""9""]}}"
38832,/mnist_png/training/8/38832.png,"{""class"": ""8""}","{""label_template"": ""classification"", ""label_info"": {""classification"": [""0"", ""1"", ""2"", ""3"", ""4"", ""5"", ""6"", ""7"", ""8"", ""9""]}}"
46121,/mnist_png/training/8/46121.png,"{""class"": ""8""}","{""label_template"": ""classification"", ""label_info"": {""classification"": [""0"", ""1"", ""2"", ""3"", ""4"", ""5"", ""6"", ""7"", ""8"", ""9""]}}"
3148,/mnist_png/training/8/3148.png,"{""class"": ""8""}","{""label_template"": ""classification"", ""label_info"": {""classification"": [""0"", ""1"", ""2"", ""3"", ""4"", ""5"", ""6"", ""7"", ""8"", ""9""]}}"
48752,/mnist_png/training/8/48752.png,"{""class"": ""8""}","{""label_template"": ""classification"", ""label_info"": {""classification"": [""0"", ""1"", ""2"", ""3"", ""4"", ""5"", ""6"", ""7"", ""8"", ""9""]}}"
31479,/mnist_png/training/8/31479.png,"{""class"": ""8""}","{""label_template"": ""classification"", ""label_info"": {""classification"": [""0"", ""1"", ""2"", ""3"", ""4"", ""5"", ""6"", ""7"", ""8"", ""9""]}}"
52485,/mnist_png/training/8/52485.png,"{""class"": ""8""}","{""label_template"": ""classification"", ""label_info"": {""classification"": [""0"", ""1"", ""2"", ""3"", ""4"", ""5"", ""6"", ""7"", ""8"", ""9""]}}"
29208,/mnist_png/training/8/29208.png,"{""class"": ""8""}","{""label_template"": ""classification"", ""label_info"": {""classification"": [""0"", ""1"", ""2"", ""3"", ""4"", ""5"", ""6"", ""7"", ""8"", ""9""]}}"
49447,/mnist_png/training/9/49447.png,"{""class"": ""9""}","{""label_template"": ""classification"", ""label_info"": {""classification"": [""0"", ""1"", ""2"", ""3"", ""4"", ""5"", ""6"", ""7"", ""8"", ""9""]}}"
59455,/mnist_png/training/9/59455.png,"{""class"": ""9""}","{""label_template"": ""classification"", ""label_info"": {""classification"": [""0"", ""1"", ""2"", ""3"", ""4"", ""5"", ""6"", ""7"", ""8"", ""9""]}}"
21924,/mnist_png/training/9/21924.png,"{""class"": ""9""}","{""label_template"": ""classification"", ""label_info"": {""classification"": [""0"", ""1"", ""2"", ""3"", ""4"", ""5"", ""6"", ""7"", ""8"", ""9""]}}"
50099,/mnist_png/training/9/50099.png,"{""class"": ""9""}","{""label_template"": ""classification"", ""label_info"": {""classification"": [""0"", ""1"", ""2"", ""3"", ""4"", ""5"", ""6"", ""7"", ""8"", ""9""]}}"
1169,/mnist_png/training/9/1169.png,"{""class"": ""9""}","{""label_template"": ""classification"", ""label_info"": {""classification"": [""0"", ""1"", ""2"", ""3"", ""4"", ""5"", ""6"", ""7"", ""8"", ""9""]}}"
26949,/mnist_png/training/9/26949.png,"{""class"": ""9""}","{""label_template"": ""classification"", ""label_info"": {""classification"": [""0"", ""1"", ""2"", ""3"", ""4"", ""5"", ""6"", ""7"", ""8"", ""9""]}}"
13270,/mnist_png/training/9/13270.png,"{""class"": ""9""}","{""label_template"": ""classification"", ""label_info"": {""classification"": [""0"", ""1"", ""2"", ""3"", ""4"", ""5"", ""6"", ""7"", ""8"", ""9""]}}"
30686,/mnist_png/training/9/30686.png,"{""class"": ""9""}","{""label_template"": ""classification"", ""label_info"": {""classification"": [""0"", ""1"", ""2"", ""3"", ""4"", ""5"", ""6"", ""7"", ""8"", ""9""]}}"
46698,/mnist_png/training/9/46698.png,"{""class"": ""9""}","{""label_template"": ""classification"", ""label_info"": {""classification"": [""0"", ""1"", ""2"", ""3"", ""4"", ""5"", ""6"", ""7"", ""8"", ""9""]}}"
37538,/mnist_png/training/9/37538.png,"{""class"": ""9""}","{""label_template"": ""classification"", ""label_info"": {""classification"": [""0"", ""1"", ""2"", ""3"", ""4"", ""5"", ""6"", ""7"", ""8"", ""9""]}}"
46087,/mnist_png/training/9/46087.png,"{""class"": ""9""}","{""label_template"": ""classification"", ""label_info"": {""classification"": [""0"", ""1"", ""2"", ""3"", ""4"", ""5"", ""6"", ""7"", ""8"", ""9""]}}"
52556,/mnist_png/training/9/52556.png,"{""class"": ""9""}","{""label_template"": ""classification"", ""label_info"": {""classification"": [""0"", ""1"", ""2"", ""3"", ""4"", ""5"", ""6"", ""7"", ""8"", ""9""]}}"
14077,/mnist_png/training/9/14077.png,"{""class"": ""9""}","{""label_template"": ""classification"", ""label_info"": {""classification"": [""0"", ""1"", ""2"", ""3"", ""4"", ""5"", ""6"", ""7"", ""8"", ""9""]}}"
14699,/mnist_png/training/9/14699.png,"{""class"": ""9""}","{""label_template"": ""classification"", ""label_info"": {""classification"": [""0"", ""1"", ""2"", ""3"", ""4"", ""5"", ""6"", ""7"", ""8"", ""9""]}}"
57206,/mnist_png/training/9/57206.png,"{""class"": ""9""}","{""label_template"": ""classification"", ""label_info"": {""classification"": [""0"", ""1"", ""2"", ""3"", ""4"", ""5"", ""6"", ""7"", ""8"", ""9""]}}"
30947,/mnist_png/training/9/30947.png,"{""class"": ""9""}","{""label_template"": ""classification"", ""label_info"": {""classification"": [""0"", ""1"", ""2"", ""3"", ""4"", ""5"", ""6"", ""7"", ""8"", ""9""]}}"
56948,/mnist_png/training/9/56948.png,"{""class"": ""9""}","{""label_template"": ""classification"", ""label_info"": {""classification"": [""0"", ""1"", ""2"", ""3"", ""4"", ""5"", ""6"", ""7"", ""8"", ""9""]}}"
28262,/mnist_png/training/9/28262.png,"{""class"": ""9""}","{""label_template"": ""classification"", ""label_info"": {""classification"": [""0"", ""1"", ""2"", ""3"", ""4"", ""5"", ""6"", ""7"", ""8"", ""9""]}}"
40297,/mnist_png/training/9/40297.png,"{""class"": ""9""}","{""label_template"": ""classification"", ""label_info"": {""classification"": [""0"", ""1"", ""2"", ""3"", ""4"", ""5"", ""6"", ""7"", ""8"", ""9""]}}"
